,Company,Position,Location
0,Dice,Trainee Business Analyst,United States (Remote)
1,Veritas Technologies LLC,Business Analyst Intern (Summer 2022),"Santa Clara, CA"
2,Ketchum,Business Analyst Intern,"Los Angeles, CA"
3,Ketchum,Business Analyst Intern,"San Francisco, CA"
4,CardinalCommerce,Business Analyst Intern,United States (Remote)
5,Bainbridge,Business Analyst Internship-Strategy Consulting (2022),United States (Remote)
6,"KIOXIA America, Inc.",Business Planning Analyst Intern - i-0027,"San Jose, CA"
7,Genentech,"Intern - Strategy & Business Process Analyst, Managed Care Contracts","San Francisco, CA"
8,Bloom Energy,Business Analyst Intern,"San Jose, CA (On-site)"
9,Uniphore,Business Analyst - Intern - Remote,United States (Remote)
10,Five9,2022 Business Analyst Intern,"San Ramon, CA"
11,Five9,2022 Business/Data Analyst ??Commercial Account Management Intern,"San Ramon, CA"
12,Five9,2022 Business/Data Analyst ??Enterprise Account Management Intern,"San Ramon, CA"
13,Unity,Business Operations Analyst,"San Francisco, CA"
14,Alcon,"Lead Business Analyst, Reporting Analytics","Lake Forest, CA (On-site)"
15,Anafone,2022 Global Finance & Business Management Analyst Program,"Berkeley, CA (On-site)"
16,Disability Solutions,"Intern - Strategy & Business Process Analyst, Managed Care Contracts","South San Francisco, CA (On-site)"
17,Culture Works HR,Business Valuation Analyst,"San Diego, CA (On-site)"
18,Culture Works HR,Business Valuation Analyst,"Los Angeles, CA (On-site)"
19,Sid Lee,Strategist (Internship),"Los Angeles, CA (On-site)"
20,First Republic Bank,Procurement Analyst Intern,"San Francisco, CA (On-site)"
21,PlayStation,Product Marketing Strategy and Innovation Analyst Intern,"San Mateo, CA"
22,PwC,GCDO Internal Data Product Analyst,"Sacramento, CA (Remote)"
0,PwC,GCDO Internal Data Product Analyst,"San Jose, CA (Remote)"
1,PwC,GCDO Internal Data Product Analyst,"El Segundo, CA (Remote)"
2,PwC,GCDO Internal Data Product Analyst,"San Francisco, CA (Remote)"
3,PwC,GCDO Internal Data Product Analyst,"Los Angeles, CA (Remote)"
4,PwC,GCDO Internal Data Product Analyst,"San Diego, CA (Remote)"
5,PwC,GCDO Internal Data Product Analyst,"Irvine, CA (Remote)"
6,RM Talent Solutions,Investment Analyst Intern,"California, United States (Remote)"
7,Synopsys Inc,Intern: IT Business Analyst,"Mountain View, CA"
8,VSP Global,SAP Analyst Intern,United States (Remote)
9,IAT Insurance Group,Lead Software Quality Analyst,United States (Remote)
10,Aon,Early Careers: Compensation Consulting Intern - West/Southwest Region,"San Francisco, CA (On-site)"
11,RingCentral,Business Systems Developer Intern,United States (Remote)
12,RingCentral,Business Systems Developer Intern,"Belmont, CA"
13,MobilityWare,Financial Analyst Internship,"Irvine, CA (Remote)"
14,The Walt Disney Company,"Senior Financial Analyst, International Distribution Finance","Burbank, CA (On-site)"
15,AdvicePeriod,Senior Analyst (Ultra High Net Worth),"Los Angeles, CA"
16,Genentech,"Intern - Marketing & Diversity Champion, Managed Care Contracts","San Francisco, CA"
17,BioSpace,Undergrad Intern - R&D (Resource Forecasting),"Thousand Oaks, CA (On-site)"
18,Dice,Trainee Data Analyst,United States (Remote)
19,Talentify.io,Business Implementation Analyst Intern (virtual),United States (Remote)
20,RM Square,Finance Analyst Intern,United States (Remote)
21,Talentify.io,Business Analyst & Research Intern,United States (Remote)
22,Veritas Technologies LLC,Business Analyst Intern (Summer 2022),"Santa Clara, CA"
23,Talentify.io,Operations Analyst Virtual Internship,United States (Remote)
0,Stanford University,Student Financial Services Business Analyst,"Stanford, CA (On-site)"
1,Veritas Technologies LLC,Business Analyst Intern ??Physical Security (Summer 2022),"Santa Clara, CA"
2,Veritas Technologies LLC,Business Analyst Intern ??Physical Security (Summer 2022),"Santa Clara, CA"
3,NASA Jet Propulsion Laboratory,Business Analyst - Academic Part Time Intern,"Pasadena, CA (On-site)"
4,Tesla,Commercial Energy - Business Analyst Internship (Fall 2022),"Fremont, CA (On-site)"
5,Talentify.io,Data Privacy Intern - Remote,United States (Remote)
6,Veritas Technologies LLC,Finance / Business Analyst Intern (Summer 2022),"Santa Clara, CA"
7,Veritas Technologies LLC,Finance / Business Analyst Intern (Summer 2022),"Santa Clara, CA"
8,U.S. Bank,2022 Undergraduate Summer Internship Program ??Credit Analyst,"Los Angeles, CA"
9,Orange Silicon Valley,Intern - Business Analyst (Retail Tech),"San Francisco, CA (On-site)"
10,Marvell Technology,Business Systems Analyst Intern,"Santa Clara, CA (On-site)"
11,Talentify.io,Financial Business Systems Analyst Intern,United States (Remote)
12,Calix,Quality Analyst Intern,United States (Remote)
13,Infineon Technologies,Intern Data Analyst,"San Jose, CA"
14,Intuitive,Taxonomy Analyst Intern,"Sunnyvale, CA (On-site)"
15,Tesla,Energy - Supercharger Business Planning Internship (Fall 2022),"Palo Alto, CA (On-site)"
16,Tesla,IT - Operations Internship (Summer 2022),"Fremont, CA (On-site)"
17,Tesla,IT - Operations Internship (Fall 2022),"Fremont, CA (On-site)"
18,AECOM,Consulting Services Intern II,"San Francisco, CA"
19,AECOM,Consulting Services Intern II,"San Diego, CA"
20,SEPHORA,"Intern, Client Experience","San Francisco, CA"
21,AECOM,Consulting Services Intern II,"Orange, CA"
22,Zynga,Ad Yield Intern ??Summer 2022,"San Francisco, CA"
0,Charles River Associates,Analyst/Associate Intern (Summer 2022),"San Francisco, CA"
1,AECOM,Consulting Services Intern II,"Los Angeles, CA"
2,Bluemark,Data Analyst Intern,"Santa Clarita, CA (On-site)"
3,thredUP,Finance Intern,"Oakland, CA (Hybrid)"
4,Constellation Brands,"Intern, Security (San Francisco/Napa/Wine Region)","San Francisco, CA"
5,IDC,Technology Market Research Intern,United States (Remote)
6,PharmiWeb.Jobs,Intern-Financial Analyst 1,"Durham, CA"
7,Marvell Technology,HR Business Partner Intern,"Santa Clara, CA (On-site)"
8,The Harris Poll,Market Research Intern,United States (Remote)
9,Collins Aerospace,Materials SIOP Intern (Summer 2022),"Chula Vista, CA (On-site)"
10,"TRC Companies, Inc.",Power BI Developer/Analyst Intern,"Irvine, CA (On-site)"
11,County of Sonoma Human Resources,"Behavioral Health Clinician Intern - Full-Time, Part-Time & Extra-Help","Santa Rosa, CA (On-site)"
12,Raytheon Technologies,Materials SIOP Intern (Summer 2022),"Chula Vista, CA (On-site)"
13,County of Sonoma Human Resources,Regional Parks Work Experience Intern,"Santa Rosa, CA (On-site)"
14,Stanford University,Student Financial Success Specialist,"Stanford, CA (On-site)"
15,California Bank & Trust,Intern - Marketing,"San Diego, CA (On-site)"
16,California Bank & Trust,Intern - Marketing,"San Diego, CA (On-site)"
17,County of Sonoma Human Resources,Environmental Education Intern,"Santa Rosa, CA (On-site)"
0,Dice,Trainee Business Analyst,United States (Remote)
1,Veritas Technologies LLC,Business Analyst Intern (Summer 2022),"Santa Clara, CA"
2,Ketchum,Business Analyst Intern,"Los Angeles, CA"
3,Ketchum,Business Analyst Intern,"San Francisco, CA"
4,CardinalCommerce,Business Analyst Intern,United States (Remote)
5,Bainbridge,Business Analyst Internship-Strategy Consulting (2022),United States (Remote)
6,"KIOXIA America, Inc.",Business Planning Analyst Intern - i-0027,"San Jose, CA"
7,Genentech,"Intern - Strategy & Business Process Analyst, Managed Care Contracts","San Francisco, CA"
8,Bloom Energy,Business Analyst Intern,"San Jose, CA (On-site)"
9,Uniphore,Business Analyst - Intern - Remote,United States (Remote)
10,Five9,2022 Business Analyst Intern,"San Ramon, CA"
11,Five9,2022 Business/Data Analyst ??Commercial Account Management Intern,"San Ramon, CA"
12,Five9,2022 Business/Data Analyst ??Enterprise Account Management Intern,"San Ramon, CA"
13,Unity,Business Operations Analyst,"San Francisco, CA"
14,Alcon,"Lead Business Analyst, Reporting Analytics","Lake Forest, CA (On-site)"
15,Anafone,2022 Global Finance & Business Management Analyst Program,"Berkeley, CA (On-site)"
16,Disability Solutions,"Intern - Strategy & Business Process Analyst, Managed Care Contracts","South San Francisco, CA (On-site)"
17,Culture Works HR,Business Valuation Analyst,"San Diego, CA (On-site)"
18,Culture Works HR,Business Valuation Analyst,"Los Angeles, CA (On-site)"
19,Sid Lee,Strategist (Internship),"Los Angeles, CA (On-site)"
20,First Republic Bank,Procurement Analyst Intern,"San Francisco, CA (On-site)"
21,PlayStation,Product Marketing Strategy and Innovation Analyst Intern,"San Mateo, CA"
22,PwC,GCDO Internal Data Product Analyst,"Sacramento, CA (Remote)"
0,PwC,GCDO Internal Data Product Analyst,"San Jose, CA (Remote)"
1,PwC,GCDO Internal Data Product Analyst,"El Segundo, CA (Remote)"
2,PwC,GCDO Internal Data Product Analyst,"San Francisco, CA (Remote)"
3,PwC,GCDO Internal Data Product Analyst,"Los Angeles, CA (Remote)"
4,PwC,GCDO Internal Data Product Analyst,"San Diego, CA (Remote)"
5,PwC,GCDO Internal Data Product Analyst,"Irvine, CA (Remote)"
6,RM Talent Solutions,Investment Analyst Intern,"California, United States (Remote)"
7,Synopsys Inc,Intern: IT Business Analyst,"Mountain View, CA"
8,VSP Global,SAP Analyst Intern,United States (Remote)
9,IAT Insurance Group,Lead Software Quality Analyst,United States (Remote)
10,Aon,Early Careers: Compensation Consulting Intern - West/Southwest Region,"San Francisco, CA (On-site)"
11,RingCentral,Business Systems Developer Intern,United States (Remote)
12,RingCentral,Business Systems Developer Intern,"Belmont, CA"
13,MobilityWare,Financial Analyst Internship,"Irvine, CA (Remote)"
14,The Walt Disney Company,"Senior Financial Analyst, International Distribution Finance","Burbank, CA (On-site)"
15,AdvicePeriod,Senior Analyst (Ultra High Net Worth),"Los Angeles, CA"
16,Genentech,"Intern - Marketing & Diversity Champion, Managed Care Contracts","San Francisco, CA"
17,BioSpace,Undergrad Intern - R&D (Resource Forecasting),"Thousand Oaks, CA (On-site)"
18,Dice,Trainee Data Analyst,United States (Remote)
19,Talentify.io,Business Implementation Analyst Intern (virtual),United States (Remote)
20,RM Square,Finance Analyst Intern,United States (Remote)
21,Talentify.io,Business Analyst & Research Intern,United States (Remote)
22,Veritas Technologies LLC,Business Analyst Intern (Summer 2022),"Santa Clara, CA"
23,Talentify.io,Operations Analyst Virtual Internship,United States (Remote)
0,Stanford University,Student Financial Services Business Analyst,"Stanford, CA (On-site)"
1,Veritas Technologies LLC,Business Analyst Intern ??Physical Security (Summer 2022),"Santa Clara, CA"
2,Veritas Technologies LLC,Business Analyst Intern ??Physical Security (Summer 2022),"Santa Clara, CA"
3,NASA Jet Propulsion Laboratory,Business Analyst - Academic Part Time Intern,"Pasadena, CA (On-site)"
4,Tesla,Commercial Energy - Business Analyst Internship (Fall 2022),"Fremont, CA (On-site)"
5,Talentify.io,Data Privacy Intern - Remote,United States (Remote)
6,Veritas Technologies LLC,Finance / Business Analyst Intern (Summer 2022),"Santa Clara, CA"
7,Veritas Technologies LLC,Finance / Business Analyst Intern (Summer 2022),"Santa Clara, CA"
8,U.S. Bank,2022 Undergraduate Summer Internship Program ??Credit Analyst,"Los Angeles, CA"
9,Orange Silicon Valley,Intern - Business Analyst (Retail Tech),"San Francisco, CA (On-site)"
10,Marvell Technology,Business Systems Analyst Intern,"Santa Clara, CA (On-site)"
11,Talentify.io,Financial Business Systems Analyst Intern,United States (Remote)
12,Infineon Technologies,Intern Data Analyst,"San Jose, CA"
13,Intuitive,Taxonomy Analyst Intern,"Sunnyvale, CA (On-site)"
14,Tesla,Energy - Supercharger Business Planning Internship (Fall 2022),"Palo Alto, CA (On-site)"
15,Tesla,IT - Operations Internship (Summer 2022),"Fremont, CA (On-site)"
16,Tesla,IT - Operations Internship (Fall 2022),"Fremont, CA (On-site)"
17,AECOM,Consulting Services Intern II,"San Francisco, CA"
18,AECOM,Consulting Services Intern II,"San Diego, CA"
19,SEPHORA,"Intern, Client Experience","San Francisco, CA"
20,AECOM,Consulting Services Intern II,"Orange, CA"
21,Zynga,Ad Yield Intern ??Summer 2022,"San Francisco, CA"
0,Charles River Associates,Analyst/Associate Intern (Summer 2022),"San Francisco, CA"
1,AECOM,Consulting Services Intern II,"Los Angeles, CA"
2,Bluemark,Data Analyst Intern,"Santa Clarita, CA (On-site)"
3,thredUP,Finance Intern,"Oakland, CA (Hybrid)"
4,Constellation Brands,"Intern, Security (San Francisco/Napa/Wine Region)","San Francisco, CA"
5,IDC,Technology Market Research Intern,United States (Remote)
6,PharmiWeb.Jobs,Intern-Financial Analyst 1,"Durham, CA"
7,Marvell Technology,HR Business Partner Intern,"Santa Clara, CA (On-site)"
8,The Harris Poll,Market Research Intern,United States (Remote)
9,Collins Aerospace,Materials SIOP Intern (Summer 2022),"Chula Vista, CA (On-site)"
10,"TRC Companies, Inc.",Power BI Developer/Analyst Intern,"Irvine, CA (On-site)"
11,County of Sonoma Human Resources,"Behavioral Health Clinician Intern - Full-Time, Part-Time & Extra-Help","Santa Rosa, CA (On-site)"
12,Raytheon Technologies,Materials SIOP Intern (Summer 2022),"Chula Vista, CA (On-site)"
13,County of Sonoma Human Resources,Regional Parks Work Experience Intern,"Santa Rosa, CA (On-site)"
14,Stanford University,Student Financial Success Specialist,"Stanford, CA (On-site)"
15,California Bank & Trust,Intern - Marketing,"San Diego, CA (On-site)"
16,California Bank & Trust,Intern - Marketing,"San Diego, CA (On-site)"
17,County of Sonoma Human Resources,Environmental Education Intern,"Santa Rosa, CA (On-site)"
